customer_id,customer_name,email,city,province,signup_date
CUST-0001,Johnson-Davis,williamjohnson@baldwin.net,Vancouver,BC,2024-07-05
CUST-0002,Lawrence-Pacheco,blakeerik@peterson-moore.com,Toronto,ON,2023-08-01
CUST-0003,Davis-Abbott,lindsay78@dudley.com,Toronto,ON,2024-11-23
CUST-0004,"Montgomery, Hensley and Ray",williamsjeremy@galloway-wyatt.com,Mississauga,ON,2024-05-24
CUST-0005,Reid-Diaz,michael41@reid.info,Hamilton,ON,2024-05-23
CUST-0006,"Watts, Robinson and Nguyen",perezantonio@morales-jones.org,Hamilton,ON,2025-11-04
CUST-0007,Lewis-Porter,ithomas@mcgee.com,Toronto,ON,2025-06-19
CUST-0008,Hurst-Ross,wendytaylor@davis-williams.com,Hamilton,ON,2023-09-24
CUST-0009,Conner Group,cruzcaitlin@rice-maddox.com,Vancouver,BC,2025-04-09
CUST-0010,Maldonado PLC,kayla51@graham-chavez.com,Hamilton,ON,2026-02-14
CUST-0011,Romero Inc,meagan89@hernandez.net,Calgary,AB,2026-01-25
CUST-0012,"Sellers, George and Burns",hickmannatasha@allen-allen.org,Ottawa,ON,2026-01-18
CUST-0013,Dennis Inc,davidalvarez@martin.com,Toronto,ON,2025-12-30
CUST-0014,"Vaughn, Marquez and Ross",samuel87@wright.com,Brampton,ON,2023-05-07
CUST-0015,"Hall, Robinson and Jones",perezrebecca@jones-young.info,Vancouver,BC,2023-11-29
CUST-0016,Cummings PLC,esanchez@lee-davis.biz,Montreal,QC,2024-04-26
CUST-0017,Owens-Daniel,brownjessica@wright.net,Ottawa,ON,2024-08-05
CUST-0018,White-Ford,ramosmichelle@garcia.com,Brampton,ON,2026-02-10
CUST-0019,Martin Group,zlewis@martin.biz,Hamilton,ON,2024-01-22
CUST-0020,Mitchell-Horton,smoore@novak.net,Montreal,QC,2023-06-18
CUST-0021,Brown-Silva,brianromero@jones.com,Mississauga,ON,2024-06-18
CUST-0022,"Sanchez, Wheeler and Harvey",ksandoval@stewart.com,Mississauga,ON,2023-12-25
CUST-0023,Anderson-Brewer,wstewart@smith.org,Vancouver,BC,2026-03-11
CUST-0024,Medina PLC,david51@wood.info,Mississauga,ON,2025-09-19
CUST-0025,"Turner, Riggs and Roman",contrerasangela@garcia.com,Montreal,QC,2025-06-14
CUST-0026,Nelson PLC,jenniferharris@farrell.com,Montreal,QC,2023-07-22
CUST-0027,Calderon-Williams,kellie42@ramos.com,Ottawa,ON,2023-07-04
CUST-0028,"Mckee, Gardner and Davenport",russellwilliams@nolan-flynn.com,Toronto,ON,2025-11-28
CUST-0029,Fleming Ltd,gomezanita@dickson-brady.com,Calgary,AB,2025-10-22
CUST-0030,Keith Inc,jillcook@pham-shields.com,Mississauga,ON,2024-01-24
CUST-0031,"Rodriguez, Brennan and Garrison",jamessellers@torres-pope.com,Vancouver,BC,2023-12-08
CUST-0032,"Lee, Murphy and Lin",michael86@zavala.com,Mississauga,ON,2025-11-04
CUST-0033,White-Estes,benjamin96@chandler-edwards.org,Ottawa,ON,2026-02-27
CUST-0034,Cruz PLC,jonathanfletcher@meyer.com,Montreal,QC,2024-05-07
CUST-0035,Rush LLC,elizabeth14@parker.com,Hamilton,ON,2024-11-26
CUST-0036,Fisher Group,christinaturner@bass.org,Mississauga,ON,2025-01-20
CUST-0037,Marshall-Ramos,williamleon@jackson.org,Toronto,ON,2024-04-06
CUST-0038,Chambers and Sons,dylanwilliams@carr-mack.info,Hamilton,ON,2024-06-29
CUST-0039,"Johnston, Higgins and Cruz",psanchez@smith.com,Ottawa,ON,2025-07-22
CUST-0040,Thompson Ltd,pwilliams@bryant.net,Mississauga,ON,2026-03-03
CUST-0041,"Stewart, Fischer and Ramos",jrivas@merritt-manning.info,Hamilton,ON,2024-08-06
CUST-0042,Larsen LLC,rsims@jones-mitchell.com,Mississauga,ON,2024-04-07
CUST-0043,"Miller, Hernandez and Reyes",jasminebrown@rivera-owens.com,Vancouver,BC,2023-11-21
CUST-0044,Price-Carrillo,gateskathy@woods-bender.com,Ottawa,ON,2025-06-26
CUST-0045,Medina-Navarro,tracynelson@johnson-rogers.biz,Calgary,AB,2025-05-25
CUST-0046,Calhoun-Hooper,meadowsbrittany@johnson.info,Montreal,QC,2023-10-25
CUST-0047,Gray-Lewis,matthew64@king-miller.com,Brampton,ON,2025-06-21
CUST-0048,Cooke LLC,debraharrington@williams.com,Montreal,QC,2025-02-05
CUST-0049,Martinez Ltd,elliottjeffery@scott.com,Montreal,QC,2025-07-22
CUST-0050,Oconnell Inc,hickmanbarbara@sanders-espinoza.com,Hamilton,ON,2025-01-05
CUST-0051,"Sanchez, Terry and Turner",hoganashlee@reed.com,Ottawa,ON,2023-06-27
CUST-0052,"Peterson, Atkinson and Short",hamiltonmichael@zimmerman-graham.net,Mississauga,ON,2026-02-07
CUST-0053,Gilbert-Gillespie,umarshall@adams.com,Brampton,ON,2024-02-06
CUST-0054,Sanchez-Marshall,frogers@white-lewis.com,Hamilton,ON,2024-04-11
CUST-0055,"Haynes, Hill and Smith",christophercortez@peters-allen.info,Brampton,ON,2025-03-03
CUST-0056,West-Smith,jeffrey34@perkins.biz,Calgary,AB,2026-03-12
CUST-0057,"Rivera, Warner and Nelson",jerry35@newton.com,Vancouver,BC,2023-11-05
CUST-0058,"Washington, Hardy and Bray",tina34@ward.com,Ottawa,ON,2025-05-08
CUST-0059,Hill Inc,heidi27@salas.com,Hamilton,ON,2024-08-27
CUST-0060,Peterson-Sheppard,shelley71@morales.org,Montreal,QC,2025-02-13
CUST-0061,Hernandez PLC,christopher31@duran.com,Toronto,ON,2025-07-19
CUST-0062,Hayes-Ramos,ntorres@lynch.com,Hamilton,ON,2026-01-19
CUST-0063,Garrett LLC,mooreglenn@moore.info,Toronto,ON,2025-04-18
CUST-0064,Carter-Hall,jacqueline71@hall.org,Montreal,QC,2025-03-19
CUST-0065,Coleman PLC,deborahkerr@jones.com,Vancouver,BC,2025-01-08
CUST-0066,"Morse, Gonzales and Harrison",holly48@snyder.biz,Ottawa,ON,2025-06-06
CUST-0067,"Wright, Davis and Hayden",keyemily@johnston-hines.com,Mississauga,ON,2024-08-28
CUST-0068,"Ramos, Ramirez and Shea",fwalters@harrison.com,Hamilton,ON,2024-03-22
CUST-0069,Hodge LLC,ssteele@landry.info,Montreal,QC,2023-07-17
CUST-0070,Morris-Cordova,ahancock@booth.net,Hamilton,ON,2024-05-04
CUST-0071,Garrett-Wolf,josephanderson@kim-wolfe.com,Calgary,AB,2023-05-15
CUST-0072,"Lynch, Allen and Moore",tranchristopher@murray.com,Vancouver,BC,2024-09-27
CUST-0073,"Carter, Thornton and Perry",pbaird@arnold-reyes.org,Calgary,AB,2024-10-07
CUST-0074,Shields LLC,ymorgan@adams.org,Brampton,ON,2024-12-23
CUST-0075,"Burns, Hernandez and Ryan",martin86@cantu-kane.com,Ottawa,ON,2024-12-14
CUST-0076,Chase Group,floresthomas@hughes-alvarado.com,Brampton,ON,2024-09-24
CUST-0077,Martinez PLC,molly71@lozano.com,Hamilton,ON,2023-07-03
CUST-0078,Morgan-Schwartz,christianmelissa@james.info,Ottawa,ON,2025-10-30
CUST-0079,Williamson and Sons,wendy16@hodges.com,Vancouver,BC,2024-07-30
CUST-0080,"Evans, Johnson and Nguyen",carternicholas@sanchez.org,Vancouver,BC,2025-04-10
CUST-0081,Jackson Inc,pharvey@durham-thomas.info,Montreal,QC,2025-02-23
CUST-0082,Scott-Smith,rsantana@moore.org,Hamilton,ON,2024-02-27
CUST-0083,Vaughn-Bryant,james67@young.com,Brampton,ON,2024-12-17
CUST-0084,"Phillips, Spence and Barrett",alan09@crawford.com,Calgary,AB,2025-01-21
CUST-0085,Robinson-Lee,erica21@lucas.org,Mississauga,ON,2024-05-07
CUST-0086,Davis LLC,julie23@buchanan.net,Toronto,ON,2024-09-30
CUST-0087,Rivas-Scott,scoffey@harrell.com,Mississauga,ON,2023-09-12
CUST-0088,Dalton Ltd,zcoffey@diaz.net,Brampton,ON,2023-08-24
CUST-0089,Chambers-Chambers,xcarson@leonard.com,Brampton,ON,2025-02-03
CUST-0090,"Murphy, Bishop and Holland",tblankenship@ortiz.com,Vancouver,BC,2026-03-11
CUST-0091,Davis PLC,paulwatson@horton.com,Mississauga,ON,2025-11-13
CUST-0092,"Garcia, Burns and Russell",antonio53@wallace-young.com,Vancouver,BC,2023-07-29
CUST-0093,"Richardson, Winters and Newman",sandersjames@rush.com,Vancouver,BC,2025-03-21
CUST-0094,"Fowler, Maddox and Williams",john29@jones.com,Calgary,AB,2024-12-30
CUST-0095,Murphy and Sons,ramireztracey@fernandez.com,Ottawa,ON,2025-03-19
CUST-0096,Anderson LLC,briannasmith@williams-harmon.net,Toronto,ON,2023-08-14
CUST-0097,Alvarez LLC,hayesjeffrey@williams.net,Mississauga,ON,2024-03-01
CUST-0098,"Maynard, Brown and Mendoza",gsimmons@joseph-wallace.com,Ottawa,ON,2024-03-23
CUST-0099,Jones LLC,oscar98@chavez-jacobs.com,Montreal,QC,2025-08-07
CUST-0100,Farrell Ltd,russellbeasley@morgan-chavez.biz,Mississauga,ON,2025-05-31
CUST-0101,Simmons-Ortega,stephanie71@decker.biz,Ottawa,ON,2023-07-26
CUST-0102,"Watson, Anderson and Brown",elizabeth65@pugh.com,Vancouver,BC,2026-02-10
CUST-0103,"Edwards, Garcia and Romero",dianewalker@bell.com,Brampton,ON,2023-08-15
CUST-0104,Andrews-Aguirre,lynchdiane@adams.com,Calgary,AB,2025-12-22
CUST-0105,Smith-Kane,vjones@bonilla.biz,Toronto,ON,2024-07-05
CUST-0106,Moore-Collins,kimberly99@ware.com,Ottawa,ON,2025-06-27
CUST-0107,Craig LLC,fstanley@ramos.com,Brampton,ON,2024-04-16
CUST-0108,Campbell Ltd,trose@walker.com,Mississauga,ON,2023-04-23
CUST-0109,Dougherty-Saunders,keith10@burgess-thompson.biz,Ottawa,ON,2024-11-02
CUST-0110,Mason Ltd,charles06@stevens.com,Hamilton,ON,2024-12-18
CUST-0111,"Sullivan, Bowman and Roberts",usmith@solis.info,Brampton,ON,2025-09-17
CUST-0112,Davis-Richard,ryanmorales@foster.com,Montreal,QC,2023-12-07
CUST-0113,Jones Ltd,schmidtjames@bell-mullen.com,Brampton,ON,2023-12-22
CUST-0114,Scott and Sons,kathleenrios@bean.info,Toronto,ON,2024-08-21
CUST-0115,"Wolf, Cole and Glass",michelle52@jones-ramos.com,Montreal,QC,2025-08-10
CUST-0116,"Brown, Romero and Collins",xjohnson@jones-lin.com,Calgary,AB,2025-01-29
CUST-0117,"Cruz, Carpenter and Best",colelisa@lopez.com,Toronto,ON,2024-08-07
CUST-0118,Haas-Miller,benjaminzimmerman@warren-bishop.com,Mississauga,ON,2024-05-16
CUST-0119,Hughes-Schroeder,mccormickdeborah@rivera.biz,Montreal,QC,2024-02-11
CUST-0120,"York, Brandt and Morrison",mathewaguilar@rangel.biz,Ottawa,ON,2023-08-30
CUST-0121,"Hurley, Collins and Bennett",lisa81@santiago.com,Hamilton,ON,2023-10-24
CUST-0122,Peterson Group,jeremytaylor@phillips.net,Toronto,ON,2025-07-14
CUST-0123,"Stephenson, Johnson and Rogers",carlamoore@guerra.com,Hamilton,ON,2025-05-22
CUST-0124,Jenkins Ltd,tarabishop@bowers.info,Mississauga,ON,2025-12-03
CUST-0125,Richardson PLC,smurray@shaw-barnes.com,Mississauga,ON,2025-09-01
CUST-0126,"Taylor, Wright and Davidson",angela18@mitchell.com,Calgary,AB,2024-08-05
CUST-0127,"Hernandez, Kim and Potts",lisawilkerson@perry.net,Mississauga,ON,2024-05-17
CUST-0128,Vang-Brooks,florescory@santos.com,Brampton,ON,2025-12-17
CUST-0129,Horton-Taylor,awest@smith.com,Brampton,ON,2024-11-20
CUST-0130,"Lynch, Henderson and Parsons",kevinwilliams@fowler-dean.com,Calgary,AB,2023-08-11
CUST-0131,Carlson-Smith,jennifercarter@mendez.org,Brampton,ON,2024-07-02
CUST-0132,"Barnett, Mills and Ward",myerstheodore@hughes.com,Ottawa,ON,2025-08-02
CUST-0133,Allen-Sandoval,ingramjill@anderson-bell.com,Vancouver,BC,2025-08-29
CUST-0134,Greer Ltd,epollard@white.info,Hamilton,ON,2023-05-24
CUST-0135,Williams and Sons,stewartkyle@hays-daniels.com,Hamilton,ON,2023-05-24
CUST-0136,"Lee, Kelly and Norman",joshua56@paul-kline.biz,Ottawa,ON,2024-04-10
CUST-0137,Crawford Group,sandra84@acosta.biz,Vancouver,BC,2025-01-16
CUST-0138,Gardner LLC,millerdonna@griffin-robbins.com,Montreal,QC,2025-04-19
CUST-0139,West-Acosta,christina64@whitney.biz,Calgary,AB,2024-05-06
CUST-0140,"Shelton, Cisneros and Thomas",ejohnson@osborne.com,Calgary,AB,2024-05-27
CUST-0141,"Johnson, Hernandez and Cole",nathan19@moreno.com,Mississauga,ON,2025-03-07
CUST-0142,Horne Inc,victorhughes@wilson.com,Hamilton,ON,2026-03-12
CUST-0143,Benson-Lutz,davidfarrell@thompson-reeves.com,Hamilton,ON,2025-08-26
CUST-0144,Contreras-Mckinney,patricia22@hicks-martinez.com,Mississauga,ON,2025-08-06
CUST-0145,Tyler Inc,angela57@anderson.biz,Montreal,QC,2026-03-15
CUST-0146,"Mendoza, Jenkins and Ortiz",martinezlogan@cole.net,Toronto,ON,2024-04-16
CUST-0147,"Bowman, White and Burch",dshaw@holmes.com,Hamilton,ON,2023-10-04
CUST-0148,"Perez, Meza and Stone",meghan43@huber.org,Hamilton,ON,2024-11-03
CUST-0149,"Davidson, Vargas and Carpenter",donnale@morgan.com,Toronto,ON,2023-07-10
CUST-0150,"Wise, Baker and Clark",bmontgomery@small-gardner.com,Mississauga,ON,2024-09-10
CUST-0151,"Sullivan, Chavez and Barker",scottwashington@peterson.com,Toronto,ON,2025-10-19
CUST-0152,Gross-Valencia,xanderson@hoffman.com,Hamilton,ON,2024-08-06
CUST-0153,Davis LLC,alin@estes.com,Mississauga,ON,2026-01-04
CUST-0154,"Edwards, Hines and Jimenez",tjimenez@johnson-landry.net,Toronto,ON,2024-08-14
CUST-0155,Lewis LLC,williamstroy@chambers.com,Montreal,QC,2024-07-17
CUST-0156,Luna-Gallagher,brandon09@lee.net,Mississauga,ON,2024-08-07
CUST-0157,"Ramirez, Hays and Becker",andersoncolin@norton-morgan.com,Hamilton,ON,2025-06-27
CUST-0158,Morrison Group,williamsderrick@brock-stone.com,Ottawa,ON,2025-01-20
CUST-0159,"Taylor, Velazquez and Flores",vewing@wheeler-romero.net,Calgary,AB,2024-11-02
CUST-0160,"Hart, Wells and Smith",emily69@robles-swanson.com,Hamilton,ON,2025-01-10
CUST-0161,Coffey-Patton,jennifersilva@warren.org,Brampton,ON,2025-07-18
CUST-0162,Hernandez-Becker,armstrongjackie@smith.biz,Calgary,AB,2023-09-23
CUST-0163,"Harris, Shaw and Carr",vsalas@brown.com,Hamilton,ON,2026-03-13
CUST-0164,Fox-Edwards,stevepatel@gomez.com,Calgary,AB,2025-01-24
CUST-0165,Bernard LLC,jeffrey44@clark.com,Vancouver,BC,2024-12-02
CUST-0166,"Hill, Martinez and Rhodes",zhuang@blevins-ballard.com,Hamilton,ON,2023-05-29
CUST-0167,"Miller, Bradshaw and Douglas",ilewis@fitzpatrick-horton.com,Mississauga,ON,2023-08-09
CUST-0168,"Matthews, Sanchez and Santiago",danawilliams@rivera-kennedy.com,Mississauga,ON,2023-04-20
CUST-0169,"Spence, Moore and Delgado",mwoods@morris-brewer.com,Vancouver,BC,2025-03-10
CUST-0170,Nichols Ltd,gentrygregory@peck.biz,Montreal,QC,2025-08-01
CUST-0171,Zuniga LLC,smithashley@hebert.com,Vancouver,BC,2024-08-11
CUST-0172,"Daniels, Snyder and Mays",znelson@rivera.info,Vancouver,BC,2025-03-06
CUST-0173,"Lopez, Doyle and Gibbs",gregorychase@wilcox-robertson.com,Calgary,AB,2024-06-15
CUST-0174,Lopez and Sons,pmorris@green.info,Toronto,ON,2025-06-26
CUST-0175,Turner-Sharp,greenmichael@brown.info,Mississauga,ON,2024-03-07
CUST-0176,Parks-Leblanc,hannah45@walker.info,Toronto,ON,2025-06-20
CUST-0177,"Brooks, Miles and Durham",kathleenbecker@marks.com,Vancouver,BC,2023-07-07
CUST-0178,"Rodriguez, Poole and Leach",ashleyhernandez@bond-ramos.com,Montreal,QC,2025-05-18
CUST-0179,Davis-Dixon,chavezwilliam@elliott-hansen.com,Mississauga,ON,2025-05-25
CUST-0180,Scott-Smith,bethwilliams@graves-weaver.com,Hamilton,ON,2026-01-05
CUST-0181,Andersen Group,mitchellhector@cannon.biz,Hamilton,ON,2024-05-18
CUST-0182,West-Stark,rbennett@baxter.com,Hamilton,ON,2023-10-22
CUST-0183,"Long, Anderson and Irwin",avilatiffany@nunez-stephens.net,Calgary,AB,2024-05-23
CUST-0184,Wright LLC,joshuapineda@cannon.org,Brampton,ON,2025-07-09
CUST-0185,Allen Inc,wheelersean@warner.biz,Vancouver,BC,2024-07-25
CUST-0186,"Robinson, Shields and Brown",jim95@harper.com,Brampton,ON,2025-11-04
CUST-0187,"Boyd, Gutierrez and Hill",conniesimmons@williams-cooper.biz,Ottawa,ON,2025-07-30
CUST-0188,Horton-Russell,nicholas87@atkinson.com,Calgary,AB,2025-08-20
CUST-0189,Hart Group,paulscott@lucas-nielsen.com,Hamilton,ON,2023-07-22
CUST-0190,"Calderon, Williams and Bennett",russojacob@ramsey.com,Mississauga,ON,2024-03-03
CUST-0191,Lewis and Sons,burgesskaren@dominguez.com,Calgary,AB,2024-06-10
CUST-0192,Arnold LLC,powens@parker-ward.info,Mississauga,ON,2024-08-23
CUST-0193,"Harrison, Franco and Rocha",lawrence09@figueroa.com,Toronto,ON,2024-11-24
CUST-0194,"Riley, Butler and Hernandez",jerry93@pierce-harding.com,Toronto,ON,2024-01-14
CUST-0195,Levy-May,umurray@jackson-cortez.info,Mississauga,ON,2023-10-28
CUST-0196,"Mooney, Bernard and Warren",landryelizabeth@gutierrez.com,Hamilton,ON,2023-06-26
CUST-0197,Smith PLC,nbrooks@estrada.info,Brampton,ON,2023-05-01
CUST-0198,"Arnold, Smith and Moreno",amanda40@li.com,Vancouver,BC,2023-08-07
CUST-0199,Warren and Sons,christineking@adams-sanders.com,Calgary,AB,2026-01-31
CUST-0200,Cunningham-Branch,kevinclayton@valdez.com,Calgary,AB,2023-07-23
CUST-0201,Bennett-Alvarez,warnerchristopher@newman-rivera.com,Hamilton,ON,2025-11-23
CUST-0202,Hall Ltd,enelson@frost.com,Vancouver,BC,2023-10-23
CUST-0203,Smith-Clark,karenmarquez@hickman-evans.org,Toronto,ON,2023-12-27
CUST-0204,Rhodes-Fernandez,icampos@ramsey.com,Brampton,ON,2023-07-28
CUST-0205,Roberson LLC,unovak@walters.info,Vancouver,BC,2023-12-14
CUST-0206,"Pugh, Reynolds and Frazier",nmiller@yates-marquez.com,Toronto,ON,2024-01-25
CUST-0207,Dawson-Walters,gstewart@smith.info,Vancouver,BC,2024-05-02
CUST-0208,Garcia-Miller,jcole@russell.com,Ottawa,ON,2025-01-10
CUST-0209,Shields-Smith,fhughes@santana.org,Calgary,AB,2024-10-21
CUST-0210,"James, Taylor and Turner",kthomas@hill-evans.com,Ottawa,ON,2024-05-03
CUST-0211,Le Group,stephentaylor@rush.org,Vancouver,BC,2024-05-23
CUST-0212,Alexander-Jordan,kevinmorrison@harris.com,Calgary,AB,2024-02-19
CUST-0213,"Chen, Faulkner and Casey",nicholas65@frederick.org,Brampton,ON,2026-03-13
CUST-0214,Maldonado PLC,bentonsteven@clark.com,Hamilton,ON,2025-09-04
CUST-0215,Chambers-Taylor,john26@jones-ewing.info,Ottawa,ON,2024-12-25
CUST-0216,"Hunter, Knapp and Holt",gibbsmichael@wheeler.com,Hamilton,ON,2025-03-16
CUST-0217,Jackson-Salazar,vrasmussen@rodriguez-garcia.com,Toronto,ON,2024-10-10
CUST-0218,"Grant, Watts and Walker",peter98@cooper.info,Toronto,ON,2023-08-04
CUST-0219,Knapp-Miller,michaelcooper@boyd.info,Montreal,QC,2023-07-28
CUST-0220,"Horton, Flores and Evans",johnsonmatthew@byrd.com,Toronto,ON,2024-10-16
CUST-0221,"Moore, Castro and Mullen",laurensoto@davidson.biz,Toronto,ON,2023-05-16
CUST-0222,"Ware, Cole and Jordan",bushjamie@stokes.net,Calgary,AB,2023-10-31
CUST-0223,Gonzalez-Wilson,orose@harper-carr.org,Brampton,ON,2023-08-14
CUST-0224,Bruce-Williamson,samantha91@anderson.com,Toronto,ON,2024-05-16
CUST-0225,Dixon Group,baileyhenderson@reid-steele.com,Mississauga,ON,2024-11-26
CUST-0226,Roberts-Lopez,wharvey@washington.biz,Brampton,ON,2026-02-05
CUST-0227,"Delgado, Ortiz and Vasquez",fburns@johnson.com,Mississauga,ON,2023-12-10
CUST-0228,Jackson-Ellis,hdunn@wilson.com,Mississauga,ON,2024-11-12
CUST-0229,Wolf Group,veronicagarcia@potter.info,Hamilton,ON,2024-01-20
CUST-0230,Gonzales Inc,jasonrojas@bell.com,Vancouver,BC,2025-01-30
CUST-0231,Li Inc,amanda98@morris.com,Mississauga,ON,2024-02-17
CUST-0232,Farley-Robertson,taylorkaren@sellers-riddle.com,Hamilton,ON,2025-05-01
CUST-0233,Wright Ltd,maria67@ray.biz,Toronto,ON,2024-05-18
CUST-0234,Schultz Inc,rrobertson@mayer.com,Mississauga,ON,2024-12-25
CUST-0235,"Davis, Stanton and Reid",melissa86@donaldson.info,Vancouver,BC,2024-01-26
CUST-0236,Morgan-Lane,rkramer@williams.info,Montreal,QC,2023-05-02
CUST-0237,Alexander Inc,sharris@khan.com,Ottawa,ON,2025-11-02
CUST-0238,Davis-Ward,watsonrebecca@williams.com,Hamilton,ON,2025-05-27
CUST-0239,Patterson Inc,smiththomas@wheeler.info,Montreal,QC,2023-04-24
CUST-0240,"Cooper, Martinez and Dalton",timperez@cross.com,Hamilton,ON,2024-03-14
CUST-0241,Taylor-Ayala,darlenebyrd@moreno.org,Ottawa,ON,2025-03-07
CUST-0242,Bell-Lewis,samanthajensen@heath-miller.com,Vancouver,BC,2023-09-11
CUST-0243,Lawrence Group,sylvia52@hill.com,Brampton,ON,2024-11-24
CUST-0244,"Griffith, Mitchell and Pugh",abbottdominique@harris-lawson.com,Ottawa,ON,2025-06-20
CUST-0245,Lucas-Bowers,troyrodriguez@little-jones.com,Calgary,AB,2026-03-02
CUST-0246,Anderson-Valencia,rdiaz@farmer.com,Montreal,QC,2024-12-31
CUST-0247,Baker Inc,fryraymond@fuller-mason.biz,Mississauga,ON,2024-07-09
CUST-0248,Miller-Herrera,joshuacollins@mccall.com,Toronto,ON,2024-06-04
CUST-0249,"Hines, Santos and Day",holly30@miller.com,Calgary,AB,2024-08-10
CUST-0250,"Brown, Wade and Barrett",davidzimmerman@smith.net,Mississauga,ON,2025-07-27
CUST-0251,"Green, Watson and Brady",jessica10@roman-nelson.com,Mississauga,ON,2024-01-20
CUST-0252,"Burton, Crawford and Dixon",porterashley@moore-ayala.org,Hamilton,ON,2025-04-02
CUST-0253,Perez PLC,williamsmichelle@williams.biz,Ottawa,ON,2025-12-20
CUST-0254,Velazquez Inc,pwalker@moon-flores.com,Brampton,ON,2024-12-14
CUST-0255,Shaw Inc,jeffreyblack@finley.info,Montreal,QC,2025-10-24
CUST-0256,Murphy-Tran,woodkelly@stevenson-sanchez.com,Mississauga,ON,2025-01-04
CUST-0257,Cuevas-Parsons,edwardrandolph@hall.com,Hamilton,ON,2026-01-22
CUST-0258,Blake Group,dalton83@vasquez-brown.com,Montreal,QC,2025-05-12
CUST-0259,Williams and Sons,xhaynes@villegas-miller.com,Ottawa,ON,2024-10-04
CUST-0260,"Wilkins, Jones and Bradley",ibates@carter.biz,Brampton,ON,2025-04-30
CUST-0261,"Nguyen, Chavez and Hall",derekcarrillo@moore.info,Calgary,AB,2024-08-23
CUST-0262,Martinez-Howard,shannonford@davis.com,Ottawa,ON,2025-09-11
CUST-0263,"Morrison, Lewis and Gates",christopherwright@foster-williams.com,Toronto,ON,2024-01-17
CUST-0264,Johnson Group,jhawkins@davis.com,Ottawa,ON,2023-08-22
CUST-0265,Greer and Sons,jamesmorales@mccoy.com,Mississauga,ON,2025-12-17
CUST-0266,Johnson Inc,rachelramos@davis.com,Brampton,ON,2023-05-30
CUST-0267,Williams-Glass,zunderwood@johnson-vega.com,Ottawa,ON,2024-04-26
CUST-0268,Hill Group,austinharvey@holland.biz,Mississauga,ON,2025-11-11
CUST-0269,Brown-Ramirez,robertday@wright.com,Mississauga,ON,2026-03-04
CUST-0270,"Howard, Stephens and Washington",paul20@harper-johnson.com,Brampton,ON,2023-06-16
CUST-0271,Moreno-Wang,terrigarcia@allen.com,Ottawa,ON,2025-07-07
CUST-0272,Johnston Group,savannah22@watkins.com,Ottawa,ON,2025-12-14
CUST-0273,Warner LLC,annalopez@weaver-thompson.com,Hamilton,ON,2023-07-20
CUST-0274,Guzman Inc,nsmith@drake.com,Montreal,QC,2025-12-19
CUST-0275,Brown-Hernandez,kimmathis@yu-brooks.biz,Hamilton,ON,2024-12-29
CUST-0276,Turner-Taylor,jessicakim@yu.net,Ottawa,ON,2025-04-23
CUST-0277,"Buchanan, Walker and Chapman",nicholasgross@anderson-daniel.org,Calgary,AB,2024-06-05
CUST-0278,"Johnson, Guzman and Mccall",daniellegarcia@taylor-mcgee.com,Ottawa,ON,2024-04-18
CUST-0279,Jackson-Mcclure,underwoodelizabeth@tanner.com,Toronto,ON,2025-04-22
CUST-0280,Scott-Rodriguez,williamssamuel@costa-wilkerson.info,Mississauga,ON,2025-11-09
CUST-0281,Payne-Garcia,kkramer@chang.com,Vancouver,BC,2024-02-23
CUST-0282,Green-Garcia,george62@jones.com,Ottawa,ON,2025-01-07
CUST-0283,"Barry, Bush and Reynolds",catherinehamilton@garcia.com,Toronto,ON,2024-06-24
CUST-0284,"Bowen, Blair and Baker",kenneth10@armstrong-larsen.com,Toronto,ON,2023-06-12
CUST-0285,Patterson LLC,bgonzalez@jackson.com,Montreal,QC,2024-08-31
CUST-0286,Parker Group,qburns@davis-stephens.com,Brampton,ON,2024-05-14
CUST-0287,Wood-Griffin,scott43@elliott-hernandez.com,Ottawa,ON,2023-07-15
CUST-0288,Morton-Gutierrez,angelarandall@barnes.info,Brampton,ON,2024-12-15
CUST-0289,Alvarez Inc,torr@shaw.org,Calgary,AB,2025-04-06
CUST-0290,"Hernandez, Avery and Cole",teresastokes@williams.biz,Vancouver,BC,2023-11-16
CUST-0291,"Hernandez, Larson and Flores",millerangela@nguyen.com,Toronto,ON,2025-07-31
CUST-0292,"Matthews, Harrington and Rodriguez",eddiematthews@buckley.com,Mississauga,ON,2025-07-30
CUST-0293,"Beard, Humphrey and Baker",earmstrong@jackson.com,Mississauga,ON,2025-02-02
CUST-0294,"Steele, Williams and Preston",hannah07@prince-smith.com,Brampton,ON,2024-03-11
CUST-0295,Garrison-Cohen,dennismccann@schroeder-flores.biz,Toronto,ON,2025-01-18
CUST-0296,Lopez and Sons,wfigueroa@camacho.com,Montreal,QC,2023-06-23
CUST-0297,"Hunter, Taylor and York",thompsonnancy@hood.com,Brampton,ON,2024-08-13
CUST-0298,Bush-Hill,owagner@maldonado.com,Vancouver,BC,2024-09-17
CUST-0299,Thompson-Harrell,max41@johnson-williams.org,Brampton,ON,2025-07-24
CUST-0300,Vincent Ltd,ericaadams@palmer-hancock.com,Toronto,ON,2024-09-01
CUST-0301,Holland PLC,walkercharlene@marquez-fletcher.com,Ottawa,ON,2024-07-09
CUST-0302,York-Stevens,stevenbyrd@sanders.com,Montreal,QC,2024-12-03
CUST-0303,"Lynch, Evans and Rodriguez",rogersjoshua@hensley-green.com,Toronto,ON,2023-11-01
CUST-0304,"Cannon, Yoder and Trujillo",rguerrero@griffith.info,Montreal,QC,2026-03-13
CUST-0305,Meadows-Sullivan,aguilarwanda@cooper.com,Hamilton,ON,2025-04-15
CUST-0306,"Glover, Knox and Powers",megan82@davis-anderson.com,Hamilton,ON,2025-05-27
CUST-0307,"Hines, White and Frazier",destiny35@garner.biz,Mississauga,ON,2025-08-02
CUST-0308,Watson-Richards,eyork@delacruz.org,Montreal,QC,2026-01-15
CUST-0309,Kennedy and Sons,dillonpatrick@gutierrez-pitts.com,Vancouver,BC,2023-09-08
CUST-0310,Cooper PLC,tthomas@maxwell.com,Brampton,ON,2025-02-15
CUST-0311,Edwards Inc,hayesjason@johnston.info,Hamilton,ON,2025-07-30
CUST-0312,Anderson Group,epowell@smith-ferguson.com,Brampton,ON,2026-01-21
CUST-0313,Sherman-Schmidt,rhodescourtney@perez.com,Brampton,ON,2023-08-30
CUST-0314,Gordon-Torres,colonkenneth@bryant-meyer.net,Vancouver,BC,2024-04-09
CUST-0315,"Cowan, Cooper and Valenzuela",karen26@perez.com,Toronto,ON,2023-11-26
CUST-0316,Lawrence and Sons,richardsondebra@brooks.com,Brampton,ON,2025-07-15
CUST-0317,"Williams, Vang and Stanley",williamsdarrell@james-kelley.info,Montreal,QC,2025-05-02
CUST-0318,Neal Ltd,turnerdorothy@meyer.biz,Vancouver,BC,2025-09-16
CUST-0319,Hunt PLC,campbellkristen@gonzalez-gonzalez.com,Hamilton,ON,2025-09-17
CUST-0320,Howard Group,ethan87@watts.com,Ottawa,ON,2023-12-20
CUST-0321,Powers Inc,fhernandez@jones.com,Brampton,ON,2024-08-13
CUST-0322,Baker-Williams,morganphelps@solis-edwards.com,Mississauga,ON,2023-07-25
CUST-0323,Smith and Sons,markkline@adams.com,Vancouver,BC,2023-10-26
CUST-0324,Ross-Bryant,evaughn@banks-robles.com,Toronto,ON,2023-09-03
CUST-0325,"Brown, Dunlap and Moore",epruitt@gregory.com,Calgary,AB,2025-01-25
CUST-0326,"Hobbs, Acosta and Snow",hknapp@alexander-brown.com,Hamilton,ON,2023-04-28
CUST-0327,"Warren, Manning and Cummings",tiffanysantiago@stone-watts.org,Hamilton,ON,2023-07-25
CUST-0328,"Barber, Olson and Alvarado",jhernandez@brown.info,Calgary,AB,2025-10-09
CUST-0329,Jones Group,john40@walker.com,Montreal,QC,2023-07-08
CUST-0330,Solis-West,hwest@mcgee-smith.biz,Ottawa,ON,2024-06-27
CUST-0331,"Dunn, Petersen and Conner",pamela83@powers.com,Hamilton,ON,2025-09-01
CUST-0332,Rivera-Saunders,xmoran@chavez.com,Hamilton,ON,2024-04-12
CUST-0333,"Brandt, Carter and Boyd",williamsfrank@underwood.biz,Toronto,ON,2023-08-07
CUST-0334,"Gonzalez, Martinez and Phelps",stephenharrington@morgan.org,Hamilton,ON,2023-08-24
CUST-0335,Ellis-Lawrence,tamarasmith@williams.info,Vancouver,BC,2025-12-25
CUST-0336,Holt and Sons,dalesandoval@andrade.org,Montreal,QC,2025-12-16
CUST-0337,Hill LLC,shawn22@morrison-tanner.net,Ottawa,ON,2024-02-27
CUST-0338,"Kelley, Edwards and Doyle",jamesweber@parks-morse.com,Mississauga,ON,2026-02-24
CUST-0339,"Hester, Thompson and Daniels",jennifer58@aguilar-bender.biz,Ottawa,ON,2025-04-02
CUST-0340,"Mitchell, Boone and Stokes",johnsondustin@brown.com,Montreal,QC,2025-04-12
CUST-0341,Franco Ltd,james80@cervantes-garcia.net,Vancouver,BC,2025-10-22
CUST-0342,"Holland, Price and Dixon",heather06@butler-french.com,Montreal,QC,2026-02-07
CUST-0343,Smith LLC,christinenorman@greer-pruitt.com,Toronto,ON,2025-06-27
CUST-0344,"Rodgers, Gonzalez and Hardy",kellythompson@jones.com,Mississauga,ON,2024-05-21
CUST-0345,Ramirez-Baker,brandyscott@owens-pineda.com,Ottawa,ON,2023-09-25
CUST-0346,Carlson-Ayala,tracy98@jones-zimmerman.net,Brampton,ON,2023-12-05
CUST-0347,Meyer PLC,robertherrera@bailey.com,Ottawa,ON,2024-04-01
CUST-0348,Robinson-Goodwin,wbarajas@smith.org,Toronto,ON,2025-12-19
CUST-0349,Haley Ltd,patrick16@fernandez-campbell.net,Mississauga,ON,2025-09-07
CUST-0350,Robertson-Hicks,pwilliams@flores.com,Vancouver,BC,2023-10-10
CUST-0351,"Ferguson, Sims and Clark",michellecoleman@harris.biz,Montreal,QC,2025-03-04
CUST-0352,Burgess and Sons,stevensmartin@jones.com,Montreal,QC,2024-11-29
CUST-0353,"Underwood, Bartlett and Russell",bmccoy@smith-nunez.net,Vancouver,BC,2023-04-21
CUST-0354,"Montgomery, Avila and Richards",howardwesley@buchanan-turner.com,Mississauga,ON,2024-02-09
CUST-0355,James-Short,wellsamanda@francis.com,Vancouver,BC,2026-02-01
CUST-0356,Evans Ltd,susan08@thomas.biz,Hamilton,ON,2024-11-07
CUST-0357,Torres Ltd,jason82@white.com,Ottawa,ON,2023-11-08
CUST-0358,Lambert PLC,yorksarah@murray.com,Toronto,ON,2024-01-07
CUST-0359,Swanson Group,michael31@harvey-mccullough.com,Vancouver,BC,2024-09-13
CUST-0360,Jensen-Torres,arianadiaz@benjamin-jackson.com,Toronto,ON,2024-01-02
CUST-0361,Joseph Ltd,xhill@frazier.info,Hamilton,ON,2024-08-20
CUST-0362,Hampton-Tucker,thompsoncatherine@trevino-taylor.net,Montreal,QC,2023-11-10
CUST-0363,"Mercado, Jones and Jones",atkinsoncrystal@riley.com,Vancouver,BC,2024-11-22
CUST-0364,"Shannon, Fernandez and Valdez",michaelwalker@quinn.net,Mississauga,ON,2023-07-20
CUST-0365,Shaw-Bates,katherinetaylor@white.com,Montreal,QC,2025-06-07
CUST-0366,Crosby-Williams,qhall@young-barnett.net,Montreal,QC,2025-12-07
CUST-0367,Hughes-Hardin,williamsdeborah@padilla.com,Mississauga,ON,2025-09-20
CUST-0368,Lane-Hudson,xvaldez@valdez.biz,Ottawa,ON,2026-02-14
CUST-0369,Black LLC,tommy79@shaw.info,Ottawa,ON,2023-10-08
CUST-0370,Robertson LLC,edwardmoore@love.com,Vancouver,BC,2025-05-21
CUST-0371,Leonard-Mendoza,deborahjenkins@williams.org,Montreal,QC,2023-10-03
CUST-0372,"Hunt, Macdonald and Thomas",jonathanwhite@greene-elliott.com,Vancouver,BC,2025-11-06
CUST-0373,"Stanley, Campbell and Miller",eobrien@jackson-greer.org,Ottawa,ON,2023-09-14
CUST-0374,"Hoover, White and Keller",gary57@garza.com,Brampton,ON,2023-05-02
CUST-0375,"Heath, Gordon and Barnes",catherinethompson@greene.com,Hamilton,ON,2023-07-23
CUST-0376,"Anderson, Munoz and Carey",xboyd@wolfe.com,Vancouver,BC,2026-01-09
CUST-0377,Clarke-James,colemanjonathan@kent.com,Vancouver,BC,2025-01-11
CUST-0378,"Ortiz, Lopez and Fletcher",lanedavid@brooks.com,Brampton,ON,2024-06-23
CUST-0379,Moore Ltd,jose86@diaz.com,Ottawa,ON,2024-06-28
CUST-0380,"Olson, Wood and Peters",vanessa95@sanders.com,Vancouver,BC,2025-06-20
CUST-0381,Logan-Avery,lewisrichard@owen-mendez.com,Toronto,ON,2023-10-03
CUST-0382,"Smith, Davis and Thomas",qdavis@wood.com,Ottawa,ON,2025-05-26
CUST-0383,Mendez-Meyer,bautistalori@snyder.net,Ottawa,ON,2024-02-13
CUST-0384,Bowers PLC,christinacraig@allen-smith.com,Hamilton,ON,2023-07-16
CUST-0385,Chan-Gomez,msullivan@smith.net,Vancouver,BC,2024-02-12
CUST-0386,"Herman, Bailey and Richmond",jeremy37@andrews-green.biz,Montreal,QC,2024-10-05
CUST-0387,"Jones, Phillips and Arroyo",nancy94@ramos.com,Calgary,AB,2025-06-30
CUST-0388,Maldonado-Mosley,olsonjonathan@schultz-gamble.com,Calgary,AB,2025-08-14
CUST-0389,Moses-Black,haynesjose@davis-nunez.com,Calgary,AB,2023-07-05
CUST-0390,Woods LLC,patriciaadams@vega.com,Hamilton,ON,2023-12-21
CUST-0391,Salas and Sons,jameswright@kelly.com,Calgary,AB,2025-04-04
CUST-0392,"Vasquez, Smith and Vincent",charlesnathan@vasquez-galloway.org,Brampton,ON,2025-10-27
CUST-0393,White-Duran,raymond92@fox.info,Mississauga,ON,2026-01-10
CUST-0394,Shaw Group,stephenmartinez@stevens.com,Ottawa,ON,2024-05-23
CUST-0395,Nguyen PLC,jacob43@ruiz-austin.com,Montreal,QC,2023-10-28
CUST-0396,Clark-Haynes,michael64@white-anderson.org,Mississauga,ON,2025-04-15
CUST-0397,Le and Sons,mchase@marsh.com,Hamilton,ON,2024-08-31
CUST-0398,Thompson Group,wendyatkinson@ferguson.com,Ottawa,ON,2024-12-04
CUST-0399,"Williams, Garcia and Martin",lisawoods@davis.com,Hamilton,ON,2024-12-02
CUST-0400,Cooper-Jenkins,michelle93@johnston.com,Hamilton,ON,2024-04-27
CUST-0401,"Dixon, Hampton and Griffin",jamesjustin@frye.com,Brampton,ON,2024-07-07
CUST-0402,"Duncan, Sweeney and Jones",matthewedwards@carter.com,Toronto,ON,2025-11-16
CUST-0403,Adkins-Meyer,lgutierrez@martinez.com,Toronto,ON,2026-01-11
CUST-0404,"Brady, Clark and Sanders",brownnatasha@brown.com,Hamilton,ON,2023-08-03
CUST-0405,"Moore, Pena and Mcclure",jerome47@martinez.com,Calgary,AB,2025-03-22
CUST-0406,Lin-Mcdonald,amy28@garza.org,Mississauga,ON,2024-07-21
CUST-0407,"Fowler, Collins and Reed",lindaramos@gutierrez-moore.com,Calgary,AB,2023-04-15
CUST-0408,Cooper Group,wattstravis@evans-cannon.com,Vancouver,BC,2025-01-10
CUST-0409,Kelley and Sons,bkhan@wright-espinoza.biz,Hamilton,ON,2025-09-14
CUST-0410,Baker Group,zacharymarsh@aguirre.net,Vancouver,BC,2025-08-24
CUST-0411,Lopez-Jones,keithwalsh@chavez.com,Calgary,AB,2023-05-05
CUST-0412,Booker Inc,teresacampbell@espinoza.com,Vancouver,BC,2023-12-19
CUST-0413,Smith and Sons,robert75@terry-johnson.com,Hamilton,ON,2025-09-30
CUST-0414,Brown Group,danielshunter@roth-clayton.com,Brampton,ON,2026-02-16
CUST-0415,"Wright, Wise and Ramos",gonzalezjill@boyd.info,Toronto,ON,2024-06-02
CUST-0416,Mayer-Moore,garnerandrea@king.com,Mississauga,ON,2023-11-12
CUST-0417,Boyer and Sons,youngryan@jackson.org,Vancouver,BC,2023-08-20
CUST-0418,Smith Inc,jbarker@townsend-wright.info,Hamilton,ON,2023-07-21
CUST-0419,"Morgan, Booker and Malone",browndeanna@herrera.com,Brampton,ON,2026-02-24
CUST-0420,"Sherman, Trujillo and Gonzales",andrewgray@taylor.info,Calgary,AB,2024-11-30
CUST-0421,"Terry, Lopez and Lopez",mario74@rocha.com,Toronto,ON,2024-08-06
CUST-0422,Weaver-Gibson,bgross@vincent.com,Hamilton,ON,2025-03-16
CUST-0423,"Fuentes, Lee and Vega",chloemorris@morris.com,Mississauga,ON,2025-09-21
CUST-0424,White Inc,daniellee@duncan.info,Calgary,AB,2024-10-26
CUST-0425,"Garza, Williams and Walker",smithsamantha@henry.com,Brampton,ON,2024-05-03
CUST-0426,"Hurley, Perry and Wood",colonjoseph@navarro.com,Calgary,AB,2026-01-15
CUST-0427,"Davis, Hardy and Schmidt",jamessandoval@garrett.biz,Montreal,QC,2025-06-18
CUST-0428,"Ray, Craig and Park",kandrade@pierce.com,Calgary,AB,2025-03-15
CUST-0429,"Murillo, Ramos and Gomez",andrea55@duran-jordan.com,Vancouver,BC,2025-01-22
CUST-0430,"Gardner, Brooks and Pierce",michael77@smith-johnson.com,Calgary,AB,2025-01-09
CUST-0431,"Taylor, Zamora and Smith",jasonedwards@short.org,Brampton,ON,2025-12-27
CUST-0432,Davis Group,eric45@wright.org,Calgary,AB,2024-06-14
CUST-0433,Navarro Ltd,laura27@warner.com,Calgary,AB,2023-05-24
CUST-0434,"James, Deleon and Weeks",michael66@kane.org,Ottawa,ON,2025-12-29
CUST-0435,"Waters, Reyes and Torres",floresannette@shaw-walker.com,Hamilton,ON,2025-04-02
CUST-0436,Maddox-Mullins,walkerkeith@hernandez-rogers.info,Ottawa,ON,2024-12-14
CUST-0437,Kelley LLC,rossryan@anderson.info,Calgary,AB,2024-06-09
CUST-0438,"Gonzalez, Gilbert and Fitzgerald",johnadams@morris-glass.com,Hamilton,ON,2023-08-12
CUST-0439,Henderson-Bailey,melvin04@huerta.info,Ottawa,ON,2025-02-07
CUST-0440,Williams-Meyers,ginamoore@farrell.org,Calgary,AB,2025-12-27
CUST-0441,Smith-Benson,torresthomas@clark-medina.com,Mississauga,ON,2024-11-17
CUST-0442,Dunn-Dean,heatherbarnett@aguilar-alvarado.com,Ottawa,ON,2024-01-12
CUST-0443,Campbell Ltd,brian01@guerrero-alvarado.com,Hamilton,ON,2025-10-22
CUST-0444,Carter Ltd,yhall@bray.org,Ottawa,ON,2024-11-01
CUST-0445,Gonzalez Group,williamssandra@cook-long.com,Montreal,QC,2023-05-04
CUST-0446,"Bell, Garrett and Young",lisa46@raymond.com,Montreal,QC,2023-09-23
CUST-0447,Sandoval-Miller,rmeyer@salas.org,Mississauga,ON,2023-09-24
CUST-0448,Browning-Murphy,jamietaylor@sutton.net,Brampton,ON,2025-12-09
CUST-0449,Forbes-Daugherty,dianacunningham@stewart.net,Brampton,ON,2026-01-20
CUST-0450,White and Sons,cannonnicole@ali-turner.com,Hamilton,ON,2023-09-23
CUST-0451,Rodriguez and Sons,farmercheryl@obrien-salazar.org,Vancouver,BC,2023-12-18
CUST-0452,"Johnson, Miller and Chan",waynejacobs@banks.info,Brampton,ON,2023-09-08
CUST-0453,Perez Group,schaeferstephanie@newton.com,Hamilton,ON,2023-06-24
CUST-0454,Camacho-Burns,michelle36@parsons-franklin.biz,Mississauga,ON,2025-05-21
CUST-0455,Carr-Newton,meyershannon@rich.net,Vancouver,BC,2024-11-08
CUST-0456,"Williams, Hughes and Hubbard",leescott@ayala-mitchell.com,Vancouver,BC,2024-07-08
CUST-0457,"Ellison, Vaughn and Mckee",cgallegos@sharp.com,Montreal,QC,2025-07-23
CUST-0458,"Payne, Long and Morris",whitebrittany@huang.com,Calgary,AB,2025-04-21
CUST-0459,"Hogan, Higgins and Martinez",mccarthycynthia@mills.net,Vancouver,BC,2025-01-26
CUST-0460,Gray Group,taterhonda@savage.com,Toronto,ON,2023-10-22
CUST-0461,"Williams, Parker and Cross",lroberts@roach.com,Hamilton,ON,2025-02-06
CUST-0462,Smith-Jimenez,astephens@andrade.info,Vancouver,BC,2024-08-10
CUST-0463,Miller-Greene,nicoleramirez@grant.com,Vancouver,BC,2023-06-12
CUST-0464,Johnson-Nash,mark10@butler.com,Toronto,ON,2025-03-31
CUST-0465,"Guerrero, Graves and Armstrong",tammycurry@huynh-davis.com,Vancouver,BC,2024-03-24
CUST-0466,Wilkins-Chang,carterdennis@villarreal.com,Calgary,AB,2025-04-25
CUST-0467,"Brown, Duncan and Krause",webbhaley@mitchell.net,Toronto,ON,2024-12-18
CUST-0468,"Gomez, Anderson and Hart",lvasquez@hall.com,Montreal,QC,2023-05-10
CUST-0469,"Robles, Mclaughlin and Clark",vgutierrez@castro-walsh.com,Ottawa,ON,2025-02-25
CUST-0470,"Campbell, Tyler and Parker",katie15@foster-carroll.com,Vancouver,BC,2025-09-17
CUST-0471,Rivera LLC,zhendricks@brewer.com,Vancouver,BC,2025-02-11
CUST-0472,"Huang, Ford and Olsen",conleykevin@gregory.org,Hamilton,ON,2025-04-14
CUST-0473,Jones-Hernandez,morgannicholas@kirby.org,Calgary,AB,2023-08-17
CUST-0474,Thornton-Edwards,nelsonchristopher@watson.com,Hamilton,ON,2024-10-25
CUST-0475,Rodriguez Inc,robinwallace@lloyd.com,Ottawa,ON,2023-11-03
CUST-0476,Oconnor-Mills,douglas18@haney.biz,Vancouver,BC,2025-05-14
CUST-0477,"Wilson, Collins and Williams",cookpamela@meyer.com,Calgary,AB,2023-05-08
CUST-0478,Fowler-Clark,jameshill@mejia-lambert.com,Toronto,ON,2023-09-21
CUST-0479,Wilson-Mullen,clarkmichael@nelson-harding.com,Vancouver,BC,2024-12-16
CUST-0480,Jones PLC,amber02@ruiz.com,Montreal,QC,2023-08-05
CUST-0481,Miller Group,janetvance@huff.com,Vancouver,BC,2024-04-03
CUST-0482,Marquez Ltd,beltrankatelyn@bradley-davis.info,Brampton,ON,2023-07-27
CUST-0483,Cohen-Mckinney,oruiz@callahan.com,Calgary,AB,2025-12-13
CUST-0484,White-Stark,kristina57@johnson-alvarez.com,Brampton,ON,2024-09-06
CUST-0485,Campbell LLC,williamsullivan@robles.com,Toronto,ON,2024-11-02
CUST-0486,Garza-Allen,amydickson@jones-clark.org,Vancouver,BC,2024-07-17
CUST-0487,Bradley-Peterson,gilbertcaldwell@galvan.org,Toronto,ON,2025-01-09
CUST-0488,Peters-Short,kylesullivan@rodriguez.biz,Mississauga,ON,2024-03-29
CUST-0489,"Keller, Davis and Montoya",shermandonna@schmidt-price.org,Vancouver,BC,2024-08-03
CUST-0490,Maldonado LLC,ashley46@haas.com,Brampton,ON,2025-01-25
CUST-0491,"Powell, Anderson and Phillips",rachel00@castro.com,Calgary,AB,2025-10-23
CUST-0492,Reynolds PLC,tgarrett@sullivan-graham.com,Brampton,ON,2025-03-21
CUST-0493,Taylor-Peters,mary24@martinez.com,Toronto,ON,2025-05-22
CUST-0494,Barrett-Proctor,christophermay@dalton-english.org,Ottawa,ON,2025-12-31
CUST-0495,"White, Hicks and Arnold",ocruz@coleman.org,Vancouver,BC,2024-09-27
CUST-0496,"Young, Shaw and Jenkins",arthur09@bush-wilson.info,Montreal,QC,2026-02-03
CUST-0497,Thomas Ltd,steven18@davis.com,Hamilton,ON,2025-04-13
CUST-0498,"Yates, Edwards and Brown",amanda07@hunt-harrison.com,Calgary,AB,2024-07-06
CUST-0499,Roberts-Johnson,jessica94@soto.com,Montreal,QC,2024-12-15
CUST-0500,"Mooney, Lamb and Weber",todd28@york.com,Montreal,QC,2023-09-03
